-- MySQL dump 10.13  Distrib 8.0.43, for Win64 (x86_64)
--
-- Host: localhost    Database: mini_ecommerce
-- ------------------------------------------------------
-- Server version	8.0.43

/*!40101 SET @OLD_CHARACTER_SET_CLIENT=@@CHARACTER_SET_CLIENT */;
/*!40101 SET @OLD_CHARACTER_SET_RESULTS=@@CHARACTER_SET_RESULTS */;
/*!40101 SET @OLD_COLLATION_CONNECTION=@@COLLATION_CONNECTION */;
/*!50503 SET NAMES utf8mb4 */;
/*!40103 SET @OLD_TIME_ZONE=@@TIME_ZONE */;
/*!40103 SET TIME_ZONE='+00:00' */;
/*!40014 SET @OLD_UNIQUE_CHECKS=@@UNIQUE_CHECKS, UNIQUE_CHECKS=0 */;
/*!40014 SET @OLD_FOREIGN_KEY_CHECKS=@@FOREIGN_KEY_CHECKS, FOREIGN_KEY_CHECKS=0 */;
/*!40101 SET @OLD_SQL_MODE=@@SQL_MODE, SQL_MODE='NO_AUTO_VALUE_ON_ZERO' */;
/*!40111 SET @OLD_SQL_NOTES=@@SQL_NOTES, SQL_NOTES=0 */;

--
-- Table structure for table `customers`
--

DROP TABLE IF EXISTS `customers`;
/*!40101 SET @saved_cs_client     = @@character_set_client */;
/*!50503 SET character_set_client = utf8mb4 */;
CREATE TABLE `customers` (
  `customer_id` int NOT NULL,
  `first_name` varchar(50) DEFAULT NULL,
  `last_name` varchar(50) DEFAULT NULL,
  `gender` varchar(10) DEFAULT NULL,
  `email` varchar(100) DEFAULT NULL,
  `phone` varchar(20) DEFAULT NULL,
  PRIMARY KEY (`customer_id`)
) ENGINE=InnoDB DEFAULT CHARSET=utf8mb4 COLLATE=utf8mb4_0900_ai_ci;
/*!40101 SET character_set_client = @saved_cs_client */;

--
-- Dumping data for table `customers`
--

LOCK TABLES `customers` WRITE;
/*!40000 ALTER TABLE `customers` DISABLE KEYS */;
INSERT INTO `customers` VALUES (4,'Ahmed Al','Wells','MALE','ahmed al@wells-family.zzz','N/A\r'),(5,'Rabbia Al','Tran','FEMALE','rabbia al@tran-family.zzz','N/A\r'),(6,'Stephanie','Larson','FEMALE','stephanie@larson-family.zzz','N/A\r'),(7,'Oliver','Phillips','MALE','oliver@phillips-family.zzz','N/A\r'),(8,'Hicham','Howell','MALE','hicham@howell-family.zzz','N/A\r'),(9,'Mostafa','Watkins','MALE','mostafa@watkins-family.zzz','N/A\r'),(10,'Recip','Sherman','MALE','recip@sherman-family.zzz','N/A\r'),(11,'Fitzgerald','Hansen','MALE','fitzgerald@hansen-family.zzz','N/A\r'),(12,'Brigitte','Washington','FEMALE','brigitte@washington-family.zzz','N/A\r'),(13,'Jackson','Fletcher','MALE','jackson@fletcher-family.zzz','N/A\r'),(14,'Irwin','Ryan','MALE','irwin@ryan-family.zzz','N/A\r'),(16,'Jason','Brock','MALE','jason@brock-family.zzz','N/A\r'),(17,'Wilhemina St.','Love','FEMALE','wilhemina st.@love-family.zzz','N/A\r'),(18,'Clarice','Gilbert','FEMALE','clarice@gilbert-family.zzz','N/A\r'),(19,'Sultan Al','Rodriguez','MALE','sultan al@rodriguez-family.zzz','N/A\r'),(20,'Mary','Watkins','FEMALE','mary@watkins-family.zzz','N/A\r'),(21,'Yuri','Pope','MALE','yuri@pope-family.zzz','N/A\r'),(22,'Diane','Hopkins','FEMALE','diane@hopkins-family.zzz','N/A\r'),(23,'Yahya','Bryan','MALE','yahya@bryan-family.zzz','N/A\r'),(24,'rania','Smith','FEMALE','rania@smith-family.zzz','N/A\r'),(26,'Gwen','Bailey','FEMALE','gwen@bailey-family.zzz','N/A\r'),(27,'Elyssa','Morgan','FEMALE','elyssa@morgan-family.zzz','N/A\r'),(28,'Sonya','Richards','FEMALE','sonya@richards-family.zzz','N/A\r'),(29,'Robert','Perry','MALE','robert@perry-family.zzz','N/A\r'),(30,'Thad','Bailey','MALE','thad@bailey-family.zzz','N/A\r'),(31,'Youssef','Underwood','MALE','youssef@underwood-family.zzz','N/A\r'),(32,'George','Graves','MALE','george@graves-family.zzz','N/A\r'),(34,'Samir','Holland','MALE','samir@holland-family.zzz','N/A\r'),(36,'Boris','Bowers','MALE','boris@bowers-family.zzz','N/A\r'),(37,'Muniz','Valdez','MALE','muniz@valdez-family.zzz','N/A\r'),(38,'Eddie','Benson','MALE','eddie@benson-family.zzz','N/A\r'),(39,'Kamal','Graham','MALE','kamal@graham-family.zzz','N/A\r'),(41,'Jim','Long','MALE','jim@long-family.zzz','N/A\r'),(42,'Selena','Hampton','FEMALE','selena@hampton-family.zzz','N/A\r'),(43,'Yasmine','Turner','FEMALE','yasmine@turner-family.zzz','N/A\r'),(44,'Betty','Foster','FEMALE','betty@foster-family.zzz','N/A\r'),(45,'Pia','Shaw','FEMALE','pia@shaw-family.zzz','N/A\r'),(46,'Abigail','Pope','FEMALE','abigail@pope-family.zzz','N/A\r'),(48,'Robbie','Martin','MALE','robbie@martin-family.zzz','N/A\r'),(49,'Frances','Underwood','FEMALE','frances@underwood-family.zzz','N/A\r'),(50,'Phil','Hardy','MALE','phil@hardy-family.zzz','N/A\r'),(51,'Marwan','Summers','MALE','marwan@summers-family.zzz','N/A\r'),(52,'Abd','King','MALE','abd@king-family.zzz','N/A\r');
/*!40000 ALTER TABLE `customers` ENABLE KEYS */;
UNLOCK TABLES;

--
-- Table structure for table `order_items`
--

DROP TABLE IF EXISTS `order_items`;
/*!40101 SET @saved_cs_client     = @@character_set_client */;
/*!50503 SET character_set_client = utf8mb4 */;
CREATE TABLE `order_items` (
  `id` int NOT NULL AUTO_INCREMENT,
  `order_id` int DEFAULT NULL,
  `product_id` int DEFAULT NULL,
  `quantity` int DEFAULT NULL,
  `price` decimal(10,2) DEFAULT NULL,
  PRIMARY KEY (`id`),
  KEY `order_id` (`order_id`),
  KEY `product_id` (`product_id`),
  CONSTRAINT `order_items_ibfk_1` FOREIGN KEY (`order_id`) REFERENCES `orders` (`order_id`)
) ENGINE=InnoDB AUTO_INCREMENT=321 DEFAULT CHARSET=utf8mb4 COLLATE=utf8mb4_0900_ai_ci;
/*!40101 SET character_set_client = @saved_cs_client */;

--
-- Dumping data for table `order_items`
--

LOCK TABLES `order_items` WRITE;
/*!40000 ALTER TABLE `order_items` DISABLE KEYS */;
INSERT INTO `order_items` VALUES (5,572956,21108,1,9.99),(6,572956,17895,1,49.99),(7,572949,21327,1,49.99),(8,572949,21164,1,10.99),(9,729864,25099,1,64.99),(10,729864,17820,1,84.99),(11,729864,5468,1,59.99),(12,729864,14482,1,32.99),(13,572928,12758,1,32.99),(14,572928,14311,1,32.99),(15,572927,15551,1,24.99),(16,572927,18321,1,12.99),(17,572922,16683,1,64.99),(18,572922,14334,1,28.99),(19,572903,20128,1,64.99),(20,572903,14539,1,32.99),(21,572883,23989,1,7.99),(22,572883,19232,1,49.99),(23,572877,12488,1,13.99),(24,572877,12070,1,28.99),(25,572876,6509,1,28.99),(26,572876,20950,1,24.99),(27,712666,16845,1,47.99),(28,572874,20463,1,24.99),(29,572874,15887,1,11.99),(30,572861,14236,1,49.99),(31,572861,14790,1,13.99),(32,572840,24195,1,28.99),(33,572840,24625,1,13.99),(34,572833,24934,1,49.99),(35,572833,12687,1,41.99),(36,572831,13723,1,16.99),(37,572831,14886,1,32.99),(38,572828,14119,1,16.99),(39,572828,11047,1,32.99),(40,572816,19735,1,11.99),(41,572816,12226,1,41.99),(42,572785,18175,1,74.99),(43,572785,17522,1,24.99),(44,572780,20875,1,32.99),(45,572780,14821,1,41.99),(46,572778,15828,1,10.99),(47,572778,12338,1,20.99),(48,572763,22064,1,32.99),(49,572763,16970,1,20.99),(50,572754,1702,1,25.99),(51,572754,13491,1,14.99),(52,572751,16682,1,24.99),(53,572751,17042,1,20.99),(54,572747,14235,1,59.99),(55,572747,15640,1,11.99),(56,572720,7375,1,74.99),(57,572720,13885,1,32.99),(58,572717,18593,1,32.99),(59,572717,14611,1,7.99),(60,572706,24085,1,10.99),(61,572706,15303,1,20.99),(62,572698,744,1,74.99),(63,572698,15036,1,24.99),(64,572694,21267,1,28.99),(65,572694,22344,1,11.99),(66,572685,20051,1,84.99),(67,572685,20279,1,20.99),(68,712455,14709,1,47.99),(69,572659,24731,1,24.99),(70,572659,18885,1,16.99),(71,572660,7088,1,14.99),(72,572660,19553,1,32.99),(73,572657,17481,1,41.99),(74,572657,16819,1,41.99),(75,572642,19103,1,20.99),(76,572642,1907,1,74.99),(77,572637,12270,1,16.99),(78,572637,15615,1,74.99),(79,572633,19751,1,28.99),(80,572633,23261,1,22.99),(81,572621,14481,1,41.99),(82,572621,14699,1,49.99),(83,572610,23715,1,24.99),(84,572610,5561,1,41.99),(85,572606,23542,1,33.99),(86,572606,18321,1,12.99),(87,572585,4539,1,14.99),(88,572585,24390,1,16.99),(89,572578,13590,1,10.99),(90,572578,22501,1,16.99),(91,572571,21691,1,29.99),(92,572571,14799,1,22.99),(93,572566,11240,1,28.99),(94,572566,16713,1,20.99),(95,572559,17561,1,49.99),(96,572559,18996,1,49.99),(97,572547,16762,1,11.99),(98,572547,12173,1,10.99),(99,728089,13638,1,28.99),(100,728089,24269,1,18.99),(101,728089,11472,1,7.99),(102,728089,14130,1,16.99),(103,572526,23923,1,28.99),(104,572526,12249,1,84.99),(105,572525,23020,1,49.99),(106,572525,18615,1,18.99),(107,730455,11556,1,16.99),(108,730455,16494,1,64.99),(109,730455,16420,1,74.99),(110,730455,12263,1,14.99),(111,572524,1753,1,64.99),(112,572524,6721,1,124.99),(113,572514,22183,1,59.99),(114,572514,12543,1,29.99),(115,572515,4683,1,41.99),(116,572515,8986,1,59.99),(117,572513,15447,1,49.99),(118,572513,17977,1,10.99),(119,713541,11989,1,44.99),(120,713541,1260,1,64.99),(121,713541,15036,1,24.99),(122,713541,21177,1,28.99),(123,572490,14725,1,20.99),(124,572490,23624,1,22.99),(125,572485,14781,1,16.99),(126,572485,20692,1,64.99),(127,572484,11175,1,7.99),(128,572484,21234,1,74.99),(129,725179,21797,1,11.99),(130,725179,5646,1,33.99),(131,725179,18334,1,32.99),(132,725179,21250,1,59.99),(133,572474,14824,1,20.99),(134,572474,13030,1,24.99),(135,572448,24459,1,41.99),(136,572448,20769,1,10.99),(137,572445,18242,1,36.99),(138,572445,17752,1,36.99),(139,572434,8652,1,22.99),(140,572434,14441,1,10.99),(141,572426,15934,1,22.99),(142,572426,17485,1,59.99),(143,572422,17576,1,21.99),(144,572422,20747,1,16.99),(145,572410,22777,1,64.99),(146,572410,23296,1,24.99),(147,572407,19053,1,16.99),(148,572407,16998,1,11.99),(149,572393,16810,1,32.99),(150,572393,22194,1,14.99),(151,572386,15772,1,11.99),(152,572386,16369,1,59.99),(153,572360,24000,1,28.99),(154,572360,18582,1,28.99),(155,572355,17749,1,17.99),(156,572355,15386,1,24.99),(157,572348,12280,1,22.99),(158,572348,1234,1,49.99),(159,572337,21332,1,59.99),(160,572337,18381,1,17.99),(161,733207,17673,1,28.99),(162,733207,14405,1,28.99),(163,733207,13631,1,13.99),(164,733207,24421,1,10.99),(165,572323,24572,1,24.99),(166,572323,12810,1,29.99),(167,572317,15558,1,59.99),(168,572317,20647,1,24.99),(169,572310,20428,1,28.99),(170,572310,13741,1,33.99),(171,572302,13747,1,28.99),(172,572302,22681,1,21.99),(173,717554,18598,1,28.99),(174,717554,17279,1,11.99),(175,717554,6470,1,10.99),(176,717554,23680,1,64.99),(177,572280,24706,1,10.99),(178,572280,18088,1,13.99),(179,572275,15420,1,28.99),(180,572275,1651,1,99.99),(181,720637,16771,1,13.99),(182,720637,23435,1,20.99),(183,720637,19055,1,16.99),(184,720637,12719,1,32.99),(185,572251,23682,1,10.99),(186,572251,11910,1,32.99),(187,572246,18048,1,28.99),(188,572246,21540,1,41.99),(189,572237,14329,1,41.99),(190,572237,13694,1,20.99),(191,572229,24927,1,36.99),(192,572229,20190,1,29.99),(193,572213,13776,1,7.99),(194,572213,19769,1,10.99),(195,572210,17319,1,28.99),(196,572210,20615,1,20.99),(197,572171,22113,1,19.99),(198,572171,15804,1,11.99),(199,572168,20242,1,32.99),(200,572168,22362,1,22.99),(201,572166,18369,1,16.99),(202,572166,19224,1,14.99),(203,572159,17814,1,7.99),(204,572159,21924,1,24.99),(205,572158,16082,1,10.99),(206,572158,14395,1,24.99),(207,739871,1903,1,64.99),(208,572143,14923,1,24.99),(209,572143,12711,1,84.99),(210,572130,9196,1,20.99),(211,572130,20244,1,28.99),(212,572124,12893,1,21.99),(213,572124,25102,1,74.99),(214,572116,17655,1,99.99),(215,572116,19439,1,36.99),(216,572095,13762,1,59.99),(217,572095,17245,1,41.99),(218,572080,3075,1,16.99),(219,572080,20265,1,49.99),(220,572078,15156,1,24.99),(221,572078,17794,1,114.99),(222,572056,18135,1,28.99),(223,572056,24777,1,49.99),(224,572040,12777,1,14.99),(225,572040,24419,1,32.99),(226,572034,1093,1,41.99),(227,572034,14696,1,10.99),(228,722839,23216,1,14.99),(229,722839,24676,1,28.99),(230,722839,15348,1,20.99),(231,722839,23721,1,13.99),(232,572027,18894,1,64.99),(233,572027,20255,1,11.99),(234,572018,8604,1,13.99),(235,572018,22817,1,24.99),(236,572011,11053,1,49.99),(237,572011,16414,1,14.99),(238,571995,13087,1,20.99),(239,571995,20454,1,10.99),(240,571994,15564,1,11.99),(241,571994,16338,1,32.99),(242,571986,19564,1,41.99),(243,571986,17626,1,7.99),(244,571972,22883,1,11.99),(245,571972,16857,1,49.99),(246,571952,22344,1,11.99),(247,571952,23425,1,79.99),(248,571941,13224,1,24.99),(249,571941,14898,1,32.99),(250,571936,6585,1,104.99),(251,571936,11541,1,18.99),(252,571929,15040,1,24.99),(253,571929,22301,1,21.99),(254,571911,11635,1,99.99),(255,571911,13508,1,84.99),(256,571910,11333,1,24.99),(257,571910,18431,1,24.99),(258,571889,16390,1,24.99),(259,571889,17995,1,20.99),(260,571885,20425,1,41.99),(261,571885,23970,1,16.99),(262,571879,5560,1,49.99),(263,571879,16675,1,24.99),(264,571861,19458,1,18.99),(265,571861,7280,1,64.99),(266,571859,14751,1,41.99),(267,571859,20007,1,20.99),(268,571847,10965,1,24.99),(269,571847,11281,1,74.99),(270,712888,23363,1,47.99),(271,571827,24317,1,28.99),(272,571827,20197,1,11.99),(273,571821,13435,1,49.99),(274,571821,11261,1,59.99),(275,571813,15900,1,24.99),(276,571813,18075,1,18.99),(277,571800,25019,1,49.99),(278,571800,15071,1,32.99),(279,571797,20487,1,10.99),(280,571797,23809,1,10.99),(281,571795,22045,1,64.99),(282,571795,20866,1,20.99),(283,571785,20835,1,32.99),(284,571785,6029,1,41.99),(285,571762,19629,1,7.99),(286,571762,13497,1,10.99),(287,571759,17001,1,20.99),(288,571759,15772,1,11.99),(289,571761,5390,1,109.99),(290,571761,21554,1,32.99),(291,571757,12137,1,32.99),(292,571757,24886,1,20.99),(293,571729,11149,1,10.99),(294,571729,10955,1,7.99),(295,571728,14268,1,10.99),(296,571728,22711,1,84.99),(297,571725,21821,1,20.99),(298,571725,15026,1,32.99),(299,571709,23008,1,16.99),(300,571709,13580,1,32.99),(301,571684,16084,1,10.99),(302,571684,11113,1,24.99),(303,571681,15520,1,41.99),(304,571681,21050,1,59.99),(305,571674,14640,1,18.99),(306,571674,17055,1,10.99),(307,571672,12139,1,24.99),(308,571672,12167,1,18.99),(309,571660,15510,1,21.99),(310,571660,15406,1,11.99),(311,571634,11836,1,18.99),(312,571634,21855,1,59.99),(313,571628,23174,1,22.99),(314,571628,21900,1,20.99),(315,571623,11560,1,59.99),(316,571623,12783,1,49.99),(317,571613,6789,1,20.99),(318,571613,17120,1,64.99),(319,571599,13813,1,59.99),(320,571599,11390,1,11.99);
/*!40000 ALTER TABLE `order_items` ENABLE KEYS */;
UNLOCK TABLES;

--
-- Table structure for table `orders`
--

DROP TABLE IF EXISTS `orders`;
/*!40101 SET @saved_cs_client     = @@character_set_client */;
/*!50503 SET character_set_client = utf8mb4 */;
CREATE TABLE `orders` (
  `order_id` int NOT NULL,
  `customer_id` int DEFAULT NULL,
  `order_date` datetime DEFAULT NULL,
  `total_quantity` int DEFAULT NULL,
  `total_price` decimal(10,2) DEFAULT NULL,
  PRIMARY KEY (`order_id`),
  KEY `customer_id` (`customer_id`),
  CONSTRAINT `orders_ibfk_1` FOREIGN KEY (`customer_id`) REFERENCES `customers` (`customer_id`)
) ENGINE=InnoDB DEFAULT CHARSET=utf8mb4 COLLATE=utf8mb4_0900_ai_ci;
/*!40101 SET character_set_client = @saved_cs_client */;

--
-- Dumping data for table `orders`
--

LOCK TABLES `orders` WRITE;
/*!40000 ALTER TABLE `orders` DISABLE KEYS */;
INSERT INTO `orders` VALUES (571599,52,'2019-03-29 16:23:31',2,71.98),(571613,52,'2019-03-29 16:36:29',2,85.98),(571623,49,'2019-03-29 16:48:00',2,109.98),(571628,20,'2019-03-29 16:49:26',2,43.98),(571634,45,'2019-03-29 16:53:46',2,78.98),(571660,27,'2019-03-29 17:08:10',2,33.98),(571672,17,'2019-03-29 17:29:46',2,43.98),(571674,46,'2019-03-29 17:35:31',2,29.98),(571681,4,'2019-03-29 17:47:02',2,101.98),(571684,14,'2019-03-29 17:48:29',2,35.98),(571709,29,'2019-03-29 18:11:31',2,49.98),(571725,44,'2019-03-29 18:30:14',2,53.98),(571728,50,'2019-03-29 18:31:41',2,95.98),(571729,10,'2019-03-29 18:33:07',2,18.98),(571757,44,'2019-03-29 19:10:34',2,53.98),(571759,8,'2019-03-29 19:14:53',2,32.98),(571761,20,'2019-03-29 19:14:53',2,142.98),(571762,52,'2019-03-29 19:16:19',2,18.98),(571785,51,'2019-03-29 19:37:55',2,74.98),(571795,43,'2019-03-29 19:43:41',2,85.98),(571797,52,'2019-03-29 19:48:00',2,21.98),(571800,28,'2019-03-29 19:53:46',2,82.98),(571813,8,'2019-03-29 20:02:24',2,43.98),(571821,52,'2019-03-29 20:08:10',2,109.98),(571827,7,'2019-03-29 20:16:48',2,40.98),(571847,9,'2019-03-29 20:38:24',2,99.98),(571859,6,'2019-03-29 20:51:22',2,62.98),(571861,43,'2019-03-29 20:52:48',2,83.98),(571879,26,'2019-03-29 21:20:10',2,74.98),(571885,17,'2019-03-29 21:25:55',2,58.98),(571889,43,'2019-03-29 21:27:22',2,45.98),(571910,50,'2019-03-29 21:47:31',2,49.98),(571911,31,'2019-03-29 21:47:31',2,184.98),(571929,18,'2019-03-29 22:10:34',2,46.98),(571936,7,'2019-03-29 22:14:53',2,123.98),(571941,36,'2019-03-29 22:20:38',2,57.98),(571952,16,'2019-03-29 22:39:22',2,91.98),(571972,5,'2019-03-29 23:00:58',2,61.98),(571986,38,'2019-03-29 23:16:48',2,49.98),(571994,4,'2019-03-29 23:21:07',2,44.98),(571995,52,'2019-03-29 23:22:34',2,31.98),(572011,8,'2019-03-29 23:44:10',2,64.98),(572018,44,'2019-03-29 23:52:48',2,38.98),(572027,22,'2019-03-30 00:00:00',2,76.98),(572034,52,'2019-03-30 00:14:24',2,52.98),(572040,13,'2019-03-30 00:21:36',2,47.98),(572056,26,'2019-03-30 00:36:00',2,78.98),(572078,22,'2019-03-30 00:56:10',2,139.98),(572080,4,'2019-03-30 00:59:02',2,66.98),(572095,26,'2019-03-30 01:13:26',2,101.98),(572116,6,'2019-03-30 01:32:10',2,136.98),(572124,45,'2019-03-30 01:43:41',2,96.98),(572130,28,'2019-03-30 01:50:53',2,49.98),(572143,39,'2019-03-30 01:59:31',2,109.98),(572158,30,'2019-03-30 02:16:48',2,35.98),(572159,50,'2019-03-30 02:18:14',2,32.98),(572166,13,'2019-03-30 02:25:26',2,31.98),(572168,17,'2019-03-30 02:28:19',2,55.98),(572171,45,'2019-03-30 02:31:12',2,31.98),(572210,45,'2019-03-30 03:20:10',2,49.98),(572213,9,'2019-03-30 03:21:36',2,18.98),(572229,45,'2019-03-30 03:38:53',2,66.98),(572237,45,'2019-03-30 03:46:05',2,62.98),(572246,20,'2019-03-30 03:51:50',2,70.98),(572251,43,'2019-03-30 04:01:55',2,43.98),(572275,9,'2019-03-30 04:26:24',2,128.98),(572280,49,'2019-03-30 04:32:10',2,24.98),(572292,32,'2019-03-30 04:45:07',2,193.98),(572302,42,'2019-03-30 04:53:46',2,50.98),(572310,29,'2019-03-30 04:59:31',2,62.98),(572317,51,'2019-03-30 05:06:43',2,84.98),(572323,27,'2019-03-30 05:12:29',2,54.98),(572337,17,'2019-03-30 05:34:05',2,77.98),(572348,14,'2019-03-30 05:47:02',2,72.98),(572355,42,'2019-03-30 05:51:22',2,42.98),(572360,20,'2019-03-30 05:54:14',2,57.98),(572386,49,'2019-03-30 06:11:31',2,71.98),(572393,31,'2019-03-30 06:17:17',2,47.98),(572397,51,'2019-03-30 06:20:10',2,162.98),(572407,20,'2019-03-30 06:30:14',2,28.98),(572410,23,'2019-03-30 06:33:07',2,89.98),(572422,6,'2019-03-30 06:48:58',2,38.98),(572426,52,'2019-03-30 06:54:43',2,82.98),(572434,27,'2019-03-30 07:01:55',2,33.98),(572445,21,'2019-03-30 07:09:07',2,73.98),(572448,11,'2019-03-30 07:10:34',2,52.98),(572474,48,'2019-03-30 07:37:55',2,45.98),(572484,7,'2019-03-30 07:43:41',2,82.98),(572485,27,'2019-03-30 07:45:07',2,81.98),(572490,17,'2019-03-30 07:52:19',2,43.98),(572513,50,'2019-03-30 08:15:22',2,60.98),(572514,13,'2019-03-30 08:18:14',2,89.98),(572515,12,'2019-03-30 08:18:14',2,101.98),(572524,51,'2019-03-30 08:31:12',2,189.98),(572525,43,'2019-03-30 08:32:38',2,68.98),(572526,49,'2019-03-30 08:34:05',2,113.98),(572547,16,'2019-03-30 09:01:26',2,22.98),(572559,46,'2019-03-30 09:12:58',2,99.98),(572566,43,'2019-03-30 09:17:17',2,49.98),(572571,41,'2019-03-30 09:20:10',2,52.98),(572578,44,'2019-03-30 09:30:14',2,27.98),(572585,11,'2019-03-30 09:34:34',2,31.98),(572606,16,'2019-03-30 09:48:58',2,46.98),(572610,5,'2019-03-30 09:50:24',2,66.98),(572621,37,'2019-03-30 10:03:22',2,91.98),(572633,13,'2019-03-30 10:17:46',2,51.98),(572637,16,'2019-03-30 10:23:31',2,91.98),(572642,51,'2019-03-30 10:27:50',2,95.98),(572657,38,'2019-03-30 10:45:07',2,83.98),(572659,9,'2019-03-30 10:49:26',2,41.98),(572660,23,'2019-03-30 10:49:26',2,47.98),(572685,52,'2019-03-30 11:15:22',2,105.98),(572694,31,'2019-03-30 11:19:41',2,40.98),(572698,9,'2019-03-30 11:25:26',2,99.98),(572706,41,'2019-03-30 11:34:05',2,31.98),(572717,14,'2019-03-30 11:54:14',2,40.98),(572720,20,'2019-03-30 11:55:41',2,107.98),(572747,28,'2019-03-30 12:23:02',2,71.98),(572751,44,'2019-03-30 12:25:55',2,45.98),(572754,31,'2019-03-30 12:28:48',2,40.98),(572763,27,'2019-03-30 12:37:26',2,53.98),(572778,34,'2019-03-30 12:54:43',2,31.98),(572780,41,'2019-03-30 12:57:36',2,74.98),(572785,38,'2019-03-30 13:01:55',2,99.98),(572816,12,'2019-03-30 13:37:55',2,53.98),(572828,27,'2019-03-30 13:45:07',2,49.98),(572831,11,'2019-03-30 13:50:53',2,49.98),(572833,21,'2019-03-30 13:53:46',2,91.98),(572840,31,'2019-03-30 13:59:31',2,42.98),(572861,6,'2019-03-30 14:34:05',2,63.98),(572874,42,'2019-03-30 14:48:29',2,36.98),(572876,10,'2019-03-30 14:51:22',2,53.98),(572877,6,'2019-03-30 14:52:48',2,42.98),(572883,20,'2019-03-30 14:57:07',2,57.98),(572903,27,'2019-03-30 15:20:10',2,97.98),(572922,27,'2019-03-30 15:37:26',2,93.98),(572927,9,'2019-03-30 15:41:46',2,37.98),(572928,6,'2019-03-30 15:43:12',2,65.98),(572949,9,'2019-03-30 16:03:22',2,60.98),(572956,17,'2019-03-30 16:12:00',2,59.98),(712455,26,'2019-03-30 10:58:05',1,47.99),(712666,5,'2019-03-30 14:49:55',1,47.99),(712888,24,'2019-03-29 20:32:38',1,47.99),(713541,19,'2019-03-30 08:06:43',4,163.96),(717554,13,'2019-03-30 04:36:29',4,116.96),(720637,19,'2019-03-30 04:13:26',4,84.96),(722839,13,'2019-03-30 00:05:46',4,78.96),(725179,5,'2019-03-30 07:42:14',4,138.96),(728089,27,'2019-03-30 08:35:31',4,72.96),(729864,17,'2019-03-30 16:00:29',4,242.96),(730455,17,'2019-03-30 08:32:38',4,171.96),(733207,17,'2019-03-30 05:18:14',4,82.96),(739871,14,'2019-03-30 02:11:12',1,64.99);
/*!40000 ALTER TABLE `orders` ENABLE KEYS */;
UNLOCK TABLES;

--
-- Table structure for table `products`
--

DROP TABLE IF EXISTS `products`;
/*!40101 SET @saved_cs_client     = @@character_set_client */;
/*!50503 SET character_set_client = utf8mb4 */;
CREATE TABLE `products` (
  `product_id` int NOT NULL,
  `name` varchar(100) DEFAULT NULL,
  `category` varchar(50) DEFAULT NULL,
  `price` decimal(10,2) DEFAULT NULL,
  `image_path` varchar(200) DEFAULT NULL,
  PRIMARY KEY (`product_id`)
) ENGINE=InnoDB DEFAULT CHARSET=utf8mb4 COLLATE=utf8mb4_0900_ai_ci;
/*!40101 SET character_set_client = @saved_cs_client */;

--
-- Dumping data for table `products`
--

LOCK TABLES `products` WRITE;
/*!40000 ALTER TABLE `products` DISABLE KEYS */;
INSERT INTO `products` VALUES (744,'High-top trainers - black','Men\'s Shoes',74.99,NULL),(1093,'Lace-ups - navy/cognac','Men\'s Shoes',41.99,NULL),(1234,'Casual lace-ups - wood','Men\'s Shoes',49.99,NULL),(1260,'Smart lace-ups - cognac','Men\'s Shoes',64.99,NULL),(1651,'Boots - black','Men\'s Shoes',99.99,NULL),(1702,'Trainers - black/grey','Men\'s Shoes',25.99,NULL),(1753,'Boots - dark blue','Men\'s Shoes',64.99,NULL),(1903,'Boots - Medium Slate Blue','Men\'s Shoes',64.99,NULL),(1907,'Lace-up boots - black','Men\'s Shoes',74.99,NULL),(3075,'2 PACK - Basic T-shirt - black','Men\'s Clothing',16.99,NULL),(4539,'Sports shirt - Seashell','Men\'s Clothing',14.99,NULL),(4683,'Over-the-knee boots - black','Women\'s Shoes',41.99,NULL),(5390,'Boots - Midnight Blue','Women\'s Shoes',109.99,NULL),(5468,'Ankle boots - cognac','Women\'s Shoes',59.99,NULL),(5560,'Classic heels - nude','Women\'s Shoes',49.99,NULL),(5561,'Lace-up boots - Blue Violety','Women\'s Shoes',41.99,NULL),(5646,'Ankle boots - black','Women\'s Shoes',33.99,NULL),(6029,'Bomber Jacket - dark blue','Men\'s Clothing',41.99,NULL),(6470,'Basic T-shirt - dark grey multicolor','Men\'s Clothing',10.99,NULL),(6509,'Jumper - black','Men\'s Clothing',28.99,NULL),(6585,'Short coat - camel','Men\'s Clothing',104.99,NULL),(6721,'Suit - blue','Men\'s Clothing',124.99,NULL),(6789,'Chinos - blue','Men\'s Clothing',20.99,NULL),(7088,'REGULAR FIT - Print T-shirt - black','Men\'s Clothing',14.99,NULL),(7280,'Boots - tan','Women\'s Shoes',64.99,NULL),(7375,'Ankle boots - black','Women\'s Shoes',74.99,NULL),(8604,'Long sleeved top - bordeaux','Women\'s Clothing',13.99,NULL),(8652,'Tracksuit bottoms - black','Women\'s Clothing',22.99,NULL),(8986,'Summer dress - winsdor wine','Women\'s Clothing',59.99,NULL),(9196,'Sweatshirt - black','Women\'s Clothing',20.99,NULL),(10955,'Vest - black','Men\'s Clothing',7.99,NULL),(10965,'Trainers - navy','Men\'s Shoes',24.99,NULL),(11047,'Clutch - black','Women\'s Accessories',32.99,NULL),(11053,'Weekend bag - navy','Women\'s Accessories',49.99,NULL),(11113,'Shirt - navy','Men\'s Clothing',24.99,NULL),(11149,'Sunglasses - black','Men\'s Accessories',10.99,NULL),(11175,'Bow tie - black','Men\'s Clothing',7.99,NULL),(11240,'Tracksuit top - navy','Women\'s Clothing',28.99,NULL),(11261,'Light jacket - khaki','Men\'s Clothing',59.99,NULL),(11281,'Slip-ons - Green Yellow','Men\'s Shoes',74.99,NULL),(11333,'Rucksack - black/brown','Men\'s Accessories',24.99,NULL),(11390,'Print T-shirt - black','Men\'s Clothing',11.99,NULL),(11472,'Basic T-shirt - dark green','Women\'s Clothing',7.99,NULL),(11541,'Polo shirt - black','Men\'s Clothing',18.99,NULL),(11556,'Tights - black','Women\'s Clothing',16.99,NULL),(11560,'Trainers - white','Men\'s Shoes',59.99,NULL),(11635,'Weekend bag - black','Men\'s Accessories',99.99,NULL),(11836,'Rucksack - black','Women\'s Accessories',18.99,NULL),(11910,'Handbag - black','Women\'s Accessories',32.99,NULL),(11989,'Light jacket - khaki','Men\'s Clothing',44.99,NULL),(12070,'Jersey dress - black','Women\'s Clothing',28.99,NULL),(12137,'Platform sandals - indigo/camel','Women\'s Shoes',32.99,NULL),(12139,'Swimming shorts - turquoise','Women\'s Clothing',24.99,NULL),(12167,'Cape - black','Women\'s Clothing',18.99,NULL),(12173,'2 PACK - Shorts - grey/stripe','Men\'s Clothing',10.99,NULL),(12226,'Sandals - beige','Women\'s Shoes',41.99,NULL),(12249,'Suit - black','Men\'s Clothing',84.99,NULL),(12263,'2 PACK - Vest - black/light grey','Women\'s Clothing',14.99,NULL),(12270,'T-bar sandals - dark brown','Men\'s Shoes',16.99,NULL),(12280,'Sweatshirt - black','Men\'s Clothing',22.99,NULL),(12338,'Polo shirt - dark blue','Men\'s Clothing',20.99,NULL),(12488,'Vest - black','Women\'s Clothing',13.99,NULL),(12543,'Shirt - light blue','Men\'s Clothing',29.99,NULL),(12687,'Rucksack - dessert','Women\'s Accessories',41.99,NULL),(12711,'Briefcase - dark brown','Men\'s Accessories',84.99,NULL),(12719,'Trainers - white','Men\'s Shoes',32.99,NULL),(12758,'Summer dress - navy/white','Women\'s Clothing',32.99,NULL),(12777,'Tracksuit bottoms - white','Men\'s Clothing',14.99,NULL),(12783,'Moccasins - Medium Turquoise','Men\'s Shoes',49.99,NULL),(12810,'Jersey dress - bordeaux','Women\'s Clothing',29.99,NULL),(12893,'Shift dress - black','Women\'s Clothing',21.99,NULL),(13030,'Jumper - grey - blue','Men\'s Clothing',24.99,NULL),(13087,'Straight leg jeans - blue denim','Men\'s Clothing',20.99,NULL),(13224,'Chinos - black','Men\'s Clothing',24.99,NULL),(13435,'Casual lace-ups - navy','Men\'s Shoes',49.99,NULL),(13491,'Belt - black','Men\'s Accessories',14.99,NULL),(13497,'Print T-shirt - mottled light grey','Men\'s Clothing',10.99,NULL),(13508,'Light jacket - tan','Men\'s Clothing',84.99,NULL),(13580,'Tracksuit top - black','Men\'s Clothing',32.99,NULL),(13590,'Print T-shirt - light grey multicolor','Women\'s Clothing',10.99,NULL),(13631,'Across body bag - off white','Women\'s Accessories',13.99,NULL),(13638,'Cardigan - grey multicolor','Women\'s Clothing',28.99,NULL),(13694,'Handbag - black/red','Women\'s Accessories',20.99,NULL),(13723,'Sweatshirt - mottled grey/black','Men\'s Clothing',16.99,NULL),(13741,'Rucksack - black','Women\'s Accessories',33.99,NULL),(13747,'Jersey dress - black','Women\'s Clothing',28.99,NULL),(13762,'Lace-ups - Silver','Women\'s Shoes',59.99,NULL),(13776,'Basic T-shirt - dark grey multicolor','Men\'s Clothing',7.99,NULL),(13813,'Winter jacket - oliv','Men\'s Clothing',59.99,NULL),(13885,'Boots - black','Women\'s Shoes',32.99,NULL),(14119,'Watch - taupe','Women\'s Accessories',16.99,NULL),(14130,'Sweatshirt - black','Women\'s Clothing',16.99,NULL),(14235,'Ballet pumps - Midnight Blue/platino','Women\'s Shoes',59.99,NULL),(14236,'Ballet pumps - Light Steel Blue','Women\'s Shoes',49.99,NULL),(14268,'Print T-shirt - mottled green','Men\'s Clothing',10.99,NULL),(14311,'Platform heels - white','Women\'s Shoes',32.99,NULL),(14329,'Sandals - Midnight Blue','Women\'s Shoes',41.99,NULL),(14334,'Shirt - navy blazer','Women\'s Clothing',28.99,NULL),(14395,'Jumper - offwhite','Men\'s Clothing',24.99,NULL),(14405,'Jumper - black/winter white','Women\'s Clothing',28.99,NULL),(14441,'Long sleeved top - beige multicolor','Women\'s Clothing',10.99,NULL),(14481,'Sherpa - Wool - grey','Men\'s Clothing',41.99,NULL),(14482,'Handbag - black','Women\'s Accessories',32.99,NULL),(14539,'Tote bag - brown','Women\'s Accessories',32.99,NULL),(14611,'Basic T-shirt - light red multicolor','Men\'s Clothing',7.99,NULL),(14640,'Trousers - khaki','Women\'s Clothing',18.99,NULL),(14696,'Hat - navy','Men\'s Accessories',10.99,NULL),(14699,'High-top trainers - tan','Men\'s Shoes',49.99,NULL),(14709,'Dress with Defined Waist','Women\'s Clothing',47.99,NULL),(14725,'Across body bag - cognac ','Women\'s Accessories',20.99,NULL),(14751,'Sandals - black','Women\'s Shoes',41.99,NULL),(14781,'Sweatshirt - dark red','Women\'s Clothing',16.99,NULL),(14790,'Long sleeved top - black','Women\'s Clothing',13.99,NULL),(14799,'Sweatshirt - mottled grey','Men\'s Clothing',22.99,NULL),(14821,'Bomber Jacket - khaki','Men\'s Clothing',41.99,NULL),(14824,'Shirt - red','Men\'s Clothing',20.99,NULL),(14886,'Watch - navy','Men\'s Accessories',32.99,NULL),(14898,'Sports bag - grey ','Men\'s Accessories',32.99,NULL),(14923,'Sports shirt - dark denim','Men\'s Clothing',24.99,NULL),(15026,'Cardigan - peacoat','Women\'s Clothing',32.99,NULL),(15036,'Trainers - beige','Men\'s Shoes',24.99,NULL),(15040,'Handbag - black/bronze','Women\'s Accessories',24.99,NULL),(15071,'Ankle boots - black','Women\'s Shoes',32.99,NULL),(15156,'Classic heels - light blue','Women\'s Shoes',24.99,NULL),(15303,'Sweatshirt - blue','Men\'s Clothing',20.99,NULL),(15348,'Sweatshirt - mottled light grey','Men\'s Clothing',20.99,NULL),(15386,'Lace-ups - black','Women\'s Shoes',24.99,NULL),(15406,'Vest - Medium Slate Blue','Women\'s Clothing',11.99,NULL),(15420,'Rucksack - black','Women\'s Accessories',28.99,NULL),(15447,'Suit jacket - grey','Men\'s Clothing',49.99,NULL),(15510,'Handbag - green','Women\'s Accessories',21.99,NULL),(15520,'Smart lace-ups - black','Men\'s Shoes',41.99,NULL),(15551,'Jumper - khaki','Men\'s Clothing',24.99,NULL),(15558,'Lace-ups - Midnight Blue','Men\'s Shoes',59.99,NULL),(15564,'Long sleeved top - olive','Men\'s Clothing',11.99,NULL),(15615,'Parka - black','Men\'s Clothing',74.99,NULL),(15640,'Watch - black','Women\'s Accessories',11.99,NULL),(15772,'Print T-shirt - white','Men\'s Clothing',11.99,NULL),(15804,'Snood - rose','Women\'s Accessories',11.99,NULL),(15828,'Tie - black','Men\'s Clothing',10.99,NULL),(15887,'Vest - black','Women\'s Clothing',11.99,NULL),(15900,'Slim fit jeans - blue denim','Men\'s Clothing',24.99,NULL),(15934,'Shirt - light blue/white','Men\'s Clothing',22.99,NULL),(16082,'Bow tie - dark green','Men\'s Clothing',10.99,NULL),(16084,'Scarf - black','Men\'s Accessories',10.99,NULL),(16338,'Shirt - light blue','Men\'s Clothing',32.99,NULL),(16369,'Slip-ons - cognac','Men\'s Shoes',59.99,NULL),(16390,'Tote bag - black','Women\'s Accessories',24.99,NULL),(16414,'Print T-shirt - white','Men\'s Clothing',14.99,NULL),(16420,'Ankle boots - musk','Women\'s Shoes',74.99,NULL),(16494,'Trenchcoat - oil green','Women\'s Clothing',64.99,NULL),(16675,'Ballet pumps - rose','Women\'s Shoes',24.99,NULL),(16682,'A-line skirt - black','Women\'s Clothing',24.99,NULL),(16683,'Classic heels - red','Women\'s Shoes',64.99,NULL),(16713,'Blouse - off white','Women\'s Clothing',20.99,NULL),(16762,'Tie - light grey','Men\'s Clothing',11.99,NULL),(16771,'Sunglasses - brown/green','Women\'s Accessories',13.99,NULL),(16810,'Weekend bag - black','Women\'s Accessories',32.99,NULL),(16819,'Weekend bag - cognac','Men\'s Accessories',41.99,NULL),(16845,'Cocktail dress / Party dress - silver','Women\'s Clothing',47.99,NULL),(16857,'Ballet pumps - night','Women\'s Shoes',49.99,NULL),(16970,'Sweatshirt - bordeaux/multicolor','Women\'s Clothing',20.99,NULL),(16998,'Long sleeved top - red/white','Women\'s Clothing',11.99,NULL),(17001,'Watch - tan','Men\'s Accessories',20.99,NULL),(17042,'Pencil skirt - black','Women\'s Clothing',20.99,NULL),(17055,'Print T-shirt - black','Women\'s Clothing',10.99,NULL),(17120,'Rucksack - black','Men\'s Accessories',64.99,NULL),(17245,'High heels - black','Women\'s Shoes',41.99,NULL),(17279,'Hat - navy','Women\'s Accessories',11.99,NULL),(17319,'Ankle boots - dark grey','Women\'s Shoes',28.99,NULL),(17481,'Waistcoat - bright blue','Men\'s Clothing',41.99,NULL),(17485,'Bomber Jacket - navy','Men\'s Clothing',59.99,NULL),(17522,'Trainers - black','Men\'s Shoes',24.99,NULL),(17561,'High heeled sandals - white','Women\'s Shoes',49.99,NULL),(17576,'Across body bag - cognac ','Women\'s Accessories',21.99,NULL),(17626,'5 PACK - Trainer socks - white','Men\'s Clothing',7.99,NULL),(17655,'Classic coat - black','Women\'s Clothing',99.99,NULL),(17673,'Jumpsuit - black','Women\'s Clothing',28.99,NULL),(17749,'Long sleeved top - grey multicolor','Women\'s Clothing',17.99,NULL),(17752,'Slim fit jeans - black denim','Men\'s Clothing',36.99,NULL),(17794,'Boots - black','Women\'s Shoes',114.99,NULL),(17814,'Belt - grey','Men\'s Accessories',7.99,NULL),(17820,'Platform boots - black','Women\'s Shoes',84.99,NULL),(17895,'Bomber Jacket - black','Women\'s Clothing',49.99,NULL),(17977,'Long sleeved top - white/light green','Men\'s Clothing',10.99,NULL),(17995,'Watch - black','Women\'s Accessories',20.99,NULL),(18048,'Jersey dress - port royal/black','Women\'s Clothing',28.99,NULL),(18075,'Polo shirt - dark grey','Men\'s Clothing',18.99,NULL),(18088,'Print T-shirt - mottled light blue','Men\'s Clothing',13.99,NULL),(18135,'Blouse - Dark Turquoise','Women\'s Clothing',28.99,NULL),(18175,'Lace-up boots - black','Men\'s Shoes',74.99,NULL),(18242,'Jumper - dark blue','Men\'s Clothing',36.99,NULL),(18321,'Vest - white/grey','Men\'s Clothing',12.99,NULL),(18334,'Ankle boots - cognac','Women\'s Shoes',32.99,NULL),(18369,'GINGHAM 3 PACK - Boxer shorts - grey','Men\'s Clothing',16.99,NULL),(18381,'Long sleeved top - black','Women\'s Clothing',17.99,NULL),(18431,'Shirt - light blue','Men\'s Clothing',24.99,NULL),(18582,'Shift dress - black','Women\'s Clothing',28.99,NULL),(18593,'Tracksuit top - black','Men\'s Clothing',32.99,NULL),(18598,'Shirt - indigo','Men\'s Clothing',28.99,NULL),(18615,'Print T-shirt - peacoat','Women\'s Clothing',18.99,NULL),(18885,'Print T-shirt - beige','Men\'s Clothing',16.99,NULL),(18894,'Ankle boots - Peru','Women\'s Shoes',64.99,NULL),(18996,'Across body bag - black','Women\'s Accessories',49.99,NULL),(19053,'Handbag - cognac','Women\'s Accessories',16.99,NULL),(19055,'Shorts - grey','Men\'s Clothing',16.99,NULL),(19103,'Polo shirt - black','Men\'s Clothing',20.99,NULL),(19224,'Long sleeved top - white/blue/red','Men\'s Clothing',14.99,NULL),(19232,'Summer dress - navy blazer','Women\'s Clothing',49.99,NULL),(19439,'Jersey dress - black/white','Women\'s Clothing',36.99,NULL),(19458,'Sports shirt - black','Women\'s Clothing',18.99,NULL),(19553,'Tracksuit top - grey multicolor','Men\'s Clothing',32.99,NULL),(19564,'Lace-ups - grey','Men\'s Shoes',41.99,NULL),(19629,'Print T-shirt - white/red','Men\'s Clothing',7.99,NULL),(19735,'Long sleeved top - light grey multicolor/white/navy','Women\'s Clothing',11.99,NULL),(19751,'Print T-shirt - navy','Men\'s Clothing',28.99,NULL),(19769,'Basic T-shirt - bordeaux','Men\'s Clothing',10.99,NULL),(20007,'Jumper - white/navy','Women\'s Clothing',20.99,NULL),(20051,'Lace-up boots - dark blue','Men\'s Shoes',84.99,NULL),(20128,'Classic heels - silver','Women\'s Shoes',64.99,NULL),(20190,'Lace-ups - brown','Women\'s Shoes',29.99,NULL),(20197,'Basic T-shirt - black','Men\'s Clothing',11.99,NULL),(20242,'Jersey dress - lipstick red','Women\'s Clothing',32.99,NULL),(20244,'Handbag - black','Women\'s Accessories',28.99,NULL),(20255,'Print T-shirt - dark grey multicolor','Women\'s Clothing',11.99,NULL),(20265,'Light jacket - oliv','Men\'s Clothing',49.99,NULL),(20279,'Shirt - mottled grey','Men\'s Clothing',20.99,NULL),(20425,'Sandals - pink','Women\'s Shoes',41.99,NULL),(20428,'Jumper - navy','Men\'s Clothing',28.99,NULL),(20454,'Wallet - grey/cognac','Men\'s Accessories',10.99,NULL),(20463,'Vest - black','Women\'s Clothing',24.99,NULL),(20487,'Print T-shirt - black','Men\'s Clothing',10.99,NULL),(20615,'Watch - rose gold-coloured','Women\'s Accessories',20.99,NULL),(20647,'Jumper - black','Men\'s Clothing',24.99,NULL),(20692,'High heels - flamingo','Women\'s Shoes',64.99,NULL),(20747,'Trainers - pink','Women\'s Shoes',16.99,NULL),(20769,'Belt - black ','Men\'s Accessories',10.99,NULL),(20835,'Jumper - dark blue','Men\'s Clothing',32.99,NULL),(20866,'Sweatshirt - black','Women\'s Clothing',20.99,NULL),(20875,'Hoodie - white/mottled light grey','Men\'s Clothing',32.99,NULL),(20950,'Tracksuit bottoms - khaki','Men\'s Clothing',24.99,NULL),(21050,'Lace-ups - tan','Men\'s Shoes',59.99,NULL),(21108,'Jersey dress - black','Women\'s Clothing',9.99,NULL),(21164,'Long sleeved top - dark blue','Men\'s Clothing',10.99,NULL),(21177,'Bomber Jacket - light grey multicolor','Men\'s Clothing',28.99,NULL),(21234,'Lace-up boots - brown','Men\'s Shoes',74.99,NULL),(21250,'Ballet pumps - Aquamarine','Women\'s Shoes',59.99,NULL),(21267,'Casual lace-ups - black','Men\'s Shoes',28.99,NULL),(21327,'Boots - black','Men\'s Shoes',49.99,NULL),(21332,'Summer dress - potent purple','Women\'s Clothing',59.99,NULL),(21540,'Ankle boots - cognac','Women\'s Shoes',41.99,NULL),(21554,'Cardigan - black/creme','Women\'s Clothing',32.99,NULL),(21691,'Slim fit jeans - white','Men\'s Clothing',29.99,NULL),(21797,'Print T-shirt - white','Women\'s Clothing',11.99,NULL),(21821,'Jersey dress - black/blue','Women\'s Clothing',20.99,NULL),(21855,'Tote bag - cognac','Women\'s Accessories',59.99,NULL),(21900,'Tracksuit bottoms - black','Women\'s Clothing',20.99,NULL),(21924,'Shirt - dark grey','Men\'s Clothing',24.99,NULL),(22045,'Ballet pumps - rose ','Women\'s Shoes',64.99,NULL),(22064,'Blouse - black','Women\'s Clothing',32.99,NULL),(22113,'Tracksuit bottoms - dark blue multicolor','Women\'s Clothing',19.99,NULL),(22183,'Summer jacket - dark blue','Men\'s Clothing',59.99,NULL),(22194,'Long sleeved top - multicoloured/black','Men\'s Clothing',14.99,NULL),(22301,'Jumper - white/mustard/black','Women\'s Clothing',21.99,NULL),(22344,'Tie - black','Men\'s Clothing',11.99,NULL),(22362,'Print T-shirt - black','Women\'s Clothing',22.99,NULL),(22501,'Basic T-shirt - peacoat','Women\'s Clothing',16.99,NULL),(22681,'Jumper - black','Women\'s Clothing',21.99,NULL),(22711,'Boots - black','Men\'s Shoes',84.99,NULL),(22777,'Lace-ups - cognac','Men\'s Shoes',64.99,NULL),(22817,'Blouse - off white','Women\'s Clothing',24.99,NULL),(22883,'Print T-shirt - black','Women\'s Clothing',11.99,NULL),(23008,'Shorts - black','Men\'s Clothing',16.99,NULL),(23020,'A-line skirt - black/white','Women\'s Clothing',49.99,NULL),(23174,'Chinos - dark blue','Women\'s Clothing',22.99,NULL),(23216,'Print T-shirt - dark green','Men\'s Clothing',14.99,NULL),(23261,'Jumper - blue','Men\'s Clothing',22.99,NULL),(23296,'SLIM FIT - Formal shirt - khaki','Men\'s Clothing',24.99,NULL),(23363,'Maxi dress - black','Women\'s Clothing',47.99,NULL),(23425,'Boots - ebony','Men\'s Shoes',79.99,NULL),(23435,'Shirt - red','Men\'s Clothing',20.99,NULL),(23542,'Hoodie - Dark Salmon','Men\'s Clothing',33.99,NULL),(23624,'Print T-shirt - black/white','Women\'s Clothing',22.99,NULL),(23680,'Boots - camel','Men\'s Shoes',64.99,NULL),(23682,'Vest - dark purple','Women\'s Clothing',10.99,NULL),(23715,'Sweatshirt - dark grey multicolor','Women\'s Clothing',24.99,NULL),(23721,'SET - Bow tie - black','Men\'s Clothing',13.99,NULL),(23809,'Long sleeved top - mottled light grey/mint','Men\'s Clothing',10.99,NULL),(23923,'Chinos - dark blue','Men\'s Clothing',28.99,NULL),(23970,'Leggings - black denim','Women\'s Clothing',16.99,NULL),(23989,'Basic T-shirt - black','Women\'s Clothing',7.99,NULL),(24000,'Print T-shirt - Pale Violet Red','Women\'s Clothing',28.99,NULL),(24085,'Hat - navy/beige/ white','Men\'s Accessories',10.99,NULL),(24195,'Jumper - dark grey','Men\'s Clothing',28.99,NULL),(24269,'Handbag - black','Women\'s Accessories',18.99,NULL),(24317,'Trainers - red/blue','Men\'s Shoes',28.99,NULL),(24390,'Jumper - dark brown multicolor','Men\'s Clothing',16.99,NULL),(24419,'Cargo trousers - oliv','Men\'s Clothing',32.99,NULL),(24421,'Long sleeved top - khaki','Women\'s Clothing',10.99,NULL),(24459,'Soft shell jacket - black','Men\'s Clothing',41.99,NULL),(24572,'Sweatshirt - light grey multicolor','Women\'s Clothing',24.99,NULL),(24625,'Print T-shirt - dark blue multicolor','Men\'s Clothing',13.99,NULL),(24676,'Slim fit jeans - blue denim','Men\'s Clothing',28.99,NULL),(24706,'Scarf - navy','Men\'s Accessories',10.99,NULL),(24731,'Tracksuit bottoms - mottled grey','Men\'s Clothing',24.99,NULL),(24777,'Tote bag - cognac','Women\'s Accessories',49.99,NULL),(24886,'Pyjamas - grey','Women\'s Clothing',20.99,NULL),(24927,'Summer dress - black','Women\'s Clothing',36.99,NULL),(24934,'Lace-up boots - resin coffee','Men\'s Shoes',49.99,NULL),(25019,'Over-the-knee boots - black','Women\'s Shoes',49.99,NULL),(25099,'Classic heels - petrol','Women\'s Shoes',64.99,NULL),(25102,'Ankle boots - noir','Women\'s Shoes',74.99,NULL),(25103,'data','Men\'s Accessories',100.00,NULL);
/*!40000 ALTER TABLE `products` ENABLE KEYS */;
UNLOCK TABLES;

--
-- Table structure for table `users`
--

DROP TABLE IF EXISTS `users`;
/*!40101 SET @saved_cs_client     = @@character_set_client */;
/*!50503 SET character_set_client = utf8mb4 */;
CREATE TABLE `users` (
  `user_id` int NOT NULL AUTO_INCREMENT,
  `username` varchar(50) NOT NULL,
  `password` varchar(255) NOT NULL,
  PRIMARY KEY (`user_id`),
  UNIQUE KEY `username` (`username`)
) ENGINE=InnoDB AUTO_INCREMENT=2 DEFAULT CHARSET=utf8mb4 COLLATE=utf8mb4_0900_ai_ci;
/*!40101 SET character_set_client = @saved_cs_client */;

--
-- Dumping data for table `users`
--

LOCK TABLES `users` WRITE;
/*!40000 ALTER TABLE `users` DISABLE KEYS */;
INSERT INTO `users` VALUES (1,'admin','password');
/*!40000 ALTER TABLE `users` ENABLE KEYS */;
UNLOCK TABLES;
/*!40103 SET TIME_ZONE=@OLD_TIME_ZONE */;

/*!40101 SET SQL_MODE=@OLD_SQL_MODE */;
/*!40014 SET FOREIGN_KEY_CHECKS=@OLD_FOREIGN_KEY_CHECKS */;
/*!40014 SET UNIQUE_CHECKS=@OLD_UNIQUE_CHECKS */;
/*!40101 SET CHARACTER_SET_CLIENT=@OLD_CHARACTER_SET_CLIENT */;
/*!40101 SET CHARACTER_SET_RESULTS=@OLD_CHARACTER_SET_RESULTS */;
/*!40101 SET COLLATION_CONNECTION=@OLD_COLLATION_CONNECTION */;
/*!40111 SET SQL_NOTES=@OLD_SQL_NOTES */;

-- Dump completed on 2025-12-11 23:16:39
